[
  {
    "TA_ID": "TA-014",
    "Path": "ta-registry/TA-014/config.json",
    "Status": "planned"
  },
  {
    "TA_ID": "TA-015",
    "Path": "ta-registry/TA-015/config.json",
    "Status": "planned"
  },
  {
    "TA_ID": "TA-016",
    "Path": "ta-registry/TA-016/config.json",
    "Status": "planned"
  },
  {
    "TA_ID": "TA-017",
    "Path": "ta-registry/TA-017/config.json",
    "Status": "planned"
  },
  {
    "TA_ID": "TA-018",
    "Path": "ta-registry/TA-018/config.json",
    "Status": "planned"
  },
  {
    "TA_ID": "TA-019",
    "Path": "ta-registry/TA-019/config.json",
    "Status": "planned"
  },
  {
    "TA_ID": "TA-020",
    "Path": "ta-registry/TA-020/config.json",
    "Status": "planned"
  },
  {
    "TA_ID": "TA-021",
    "Path": "ta-registry/TA-021/config.json",
    "Status": "planned"
  },
  {
    "TA_ID": "TA-022",
    "Path": "ta-registry/TA-022/config.json",
    "Status": "planned"
  },
  {
    "TA_ID": "TA-023",
    "Path": "ta-registry/TA-023/config.json",
    "Status": "planned"
  },
  {
    "TA_ID": "TA-024",
    "Path": "ta-registry/TA-024/config.json",
    "Status": "planned"
  },
  {
    "TA_ID": "TA-025",
    "Path": "ta-registry/TA-025/config.json",
    "Status": "planned"
  },
  {
    "TA_ID": "TA-026",
    "Path": "ta-registry/TA-026/config.json",
    "Status": "planned"
  },
  {
    "TA_ID": "TA-027",
    "Path": "ta-registry/TA-027/config.json",
    "Status": "planned"
  },
  {
    "TA_ID": "TA-028",
    "Path": "ta-registry/TA-028/config.json",
    "Status": "planned"
  },
  {
    "TA_ID": "TA-029",
    "Path": "ta-registry/TA-029/config.json",
    "Status": "planned"
  },
  {
    "TA_ID": "TA-030",
    "Path": "ta-registry/TA-030/config.json",
    "Status": "planned"
  },
  {
    "TA_ID": "TA-031",
    "Path": "ta-registry/TA-031/config.json",
    "Status": "planned"
  },
  {
    "TA_ID": "TA-032",
    "Path": "ta-registry/TA-032/config.json",
    "Status": "planned"
  },
  {
    "TA_ID": "TA-033",
    "Path": "ta-registry/TA-033/config.json",
    "Status": "planned"
  },
  {
    "TA_ID": "TA-034",
    "Path": "ta-registry/TA-034/config.json",
    "Status": "planned"
  },
  {
    "TA_ID": "TA-035",
    "Path": "ta-registry/TA-035/config.json",
    "Status": "planned"
  },
  {
    "TA_ID": "TA-036",
    "Path": "ta-registry/TA-036/config.json",
    "Status": "planned"
  },
  {
    "TA_ID": "TA-037",
    "Path": "ta-registry/TA-037/config.json",
    "Status": "planned"
  },
  {
    "TA_ID": "TA-038",
    "Path": "ta-registry/TA-038/config.json",
    "Status": "planned"
  },
  {
    "TA_ID": "TA-039",
    "Path": "ta-registry/TA-039/config.json",
    "Status": "planned"
  },
  {
    "TA_ID": "TA-040",
    "Path": "ta-registry/TA-040/config.json",
    "Status": "planned"
  },
  {
    "TA_ID": "TA-041",
    "Path": "ta-registry/TA-041/config.json",
    "Status": "planned"
  },
  {
    "TA_ID": "TA-042",
    "Path": "ta-registry/TA-042/config.json",
    "Status": "planned"
  },
  {
    "TA_ID": "TA-043",
    "Path": "ta-registry/TA-043/config.json",
    "Status": "planned"
  },
  {
    "TA_ID": "TA-044",
    "Path": "ta-registry/TA-044/config.json",
    "Status": "planned"
  },
  {
    "TA_ID": "TA-045",
    "Path": "ta-registry/TA-045/config.json",
    "Status": "planned"
  },
  {
    "TA_ID": "TA-046",
    "Path": "ta-registry/TA-046/config.json",
    "Status": "planned"
  },
  {
    "TA_ID": "TA-047",
    "Path": "ta-registry/TA-047/config.json",
    "Status": "planned"
  },
  {
    "TA_ID": "TA-048",
    "Path": "ta-registry/TA-048/config.json",
    "Status": "planned"
  },
  {
    "TA_ID": "TA-049",
    "Path": "ta-registry/TA-049/config.json",
    "Status": "planned"
  },
  {
    "TA_ID": "TA-050",
    "Path": "ta-registry/TA-050/config.json",
    "Status": "planned"
  },
  {
    "TA_ID": "TA-051",
    "Path": "ta-registry/TA-051/config.json",
    "Status": "planned"
  },
  {
    "TA_ID": "TA-052",
    "Path": "ta-registry/TA-052/config.json",
    "Status": "planned"
  },
  {
    "TA_ID": "TA-053",
    "Path": "ta-registry/TA-053/config.json",
    "Status": "planned"
  },
  {
    "TA_ID": "TA-054",
    "Path": "ta-registry/TA-054/config.json",
    "Status": "planned"
  },
  {
    "TA_ID": "TA-055",
    "Path": "ta-registry/TA-055/config.json",
    "Status": "planned"
  },
  {
    "TA_ID": "TA-056",
    "Path": "ta-registry/TA-056/config.json",
    "Status": "planned"
  },
  {
    "TA_ID": "TA-057",
    "Path": "ta-registry/TA-057/config.json",
    "Status": "planned"
  },
  {
    "TA_ID": "TA-058",
    "Path": "ta-registry/TA-058/config.json",
    "Status": "planned"
  },
  {
    "TA_ID": "TA-059",
    "Path": "ta-registry/TA-059/config.json",
    "Status": "planned"
  },
  {
    "TA_ID": "TA-060",
    "Path": "ta-registry/TA-060/config.json",
    "Status": "planned"
  },
  {
    "TA_ID": "TA-061",
    "Path": "ta-registry/TA-061/config.json",
    "Status": "planned"
  },
  {
    "TA_ID": "TA-062",
    "Path": "ta-registry/TA-062/config.json",
    "Status": "planned"
  },
  {
    "TA_ID": "TA-063",
    "Path": "ta-registry/TA-063/config.json",
    "Status": "planned"
  },
  {
    "TA_ID": "TA-064",
    "Path": "ta-registry/TA-064/config.json",
    "Status": "planned"
  },
  {
    "TA_ID": "TA-065",
    "Path": "ta-registry/TA-065/config.json",
    "Status": "planned"
  },
  {
    "TA_ID": "TA-066",
    "Path": "ta-registry/TA-066/config.json",
    "Status": "planned"
  },
  {
    "TA_ID": "TA-067",
    "Path": "ta-registry/TA-067/config.json",
    "Status": "planned"
  },
  {
    "TA_ID": "TA-068",
    "Path": "ta-registry/TA-068/config.json",
    "Status": "planned"
  },
  {
    "TA_ID": "TA-069",
    "Path": "ta-registry/TA-069/config.json",
    "Status": "planned"
  },
  {
    "TA_ID": "TA-070",
    "Path": "ta-registry/TA-070/config.json",
    "Status": "planned"
  },
  {
    "TA_ID": "TA-071",
    "Path": "ta-registry/TA-071/config.json",
    "Status": "planned"
  },
  {
    "TA_ID": "TA-072",
    "Path": "ta-registry/TA-072/config.json",
    "Status": "planned"
  },
  {
    "TA_ID": "TA-073",
    "Path": "ta-registry/TA-073/config.json",
    "Status": "planned"
  },
  {
    "TA_ID": "TA-074",
    "Path": "ta-registry/TA-074/config.json",
    "Status": "planned"
  },
  {
    "TA_ID": "TA-075",
    "Path": "ta-registry/TA-075/config.json",
    "Status": "planned"
  },
  {
    "TA_ID": "TA-076",
    "Path": "ta-registry/TA-076/config.json",
    "Status": "planned"
  },
  {
    "TA_ID": "TA-077",
    "Path": "ta-registry/TA-077/config.json",
    "Status": "planned"
  },
  {
    "TA_ID": "TA-078",
    "Path": "ta-registry/TA-078/config.json",
    "Status": "planned"
  },
  {
    "TA_ID": "TA-079",
    "Path": "ta-registry/TA-079/config.json",
    "Status": "planned"
  },
  {
    "TA_ID": "TA-080",
    "Path": "ta-registry/TA-080/config.json",
    "Status": "planned"
  },
  {
    "TA_ID": "TA-081",
    "Path": "ta-registry/TA-081/config.json",
    "Status": "planned"
  },
  {
    "TA_ID": "TA-082",
    "Path": "ta-registry/TA-082/config.json",
    "Status": "planned"
  },
  {
    "TA_ID": "TA-083",
    "Path": "ta-registry/TA-083/config.json",
    "Status": "planned"
  },
  {
    "TA_ID": "TA-084",
    "Path": "ta-registry/TA-084/config.json",
    "Status": "planned"
  },
  {
    "TA_ID": "TA-085",
    "Path": "ta-registry/TA-085/config.json",
    "Status": "planned"
  },
  {
    "TA_ID": "TA-086",
    "Path": "ta-registry/TA-086/config.json",
    "Status": "planned"
  },
  {
    "TA_ID": "TA-087",
    "Path": "ta-registry/TA-087/config.json",
    "Status": "planned"
  },
  {
    "TA_ID": "TA-088",
    "Path": "ta-registry/TA-088/config.json",
    "Status": "planned"
  },
  {
    "TA_ID": "TA-089",
    "Path": "ta-registry/TA-089/config.json",
    "Status": "planned"
  },
  {
    "TA_ID": "TA-090",
    "Path": "ta-registry/TA-090/config.json",
    "Status": "planned"
  },
  {
    "TA_ID": "TA-091",
    "Path": "ta-registry/TA-091/config.json",
    "Status": "planned"
  },
  {
    "TA_ID": "TA-092",
    "Path": "ta-registry/TA-092/config.json",
    "Status": "planned"
  },
  {
    "TA_ID": "TA-093",
    "Path": "ta-registry/TA-093/config.json",
    "Status": "planned"
  },
  {
    "TA_ID": "TA-094",
    "Path": "ta-registry/TA-094/config.json",
    "Status": "planned"
  },
  {
    "TA_ID": "TA-095",
    "Path": "ta-registry/TA-095/config.json",
    "Status": "planned"
  },
  {
    "TA_ID": "TA-096",
    "Path": "ta-registry/TA-096/config.json",
    "Status": "planned"
  },
  {
    "TA_ID": "TA-097",
    "Path": "ta-registry/TA-097/config.json",
    "Status": "planned"
  },
  {
    "TA_ID": "TA-098",
    "Path": "ta-registry/TA-098/config.json",
    "Status": "planned"
  },
  {
    "TA_ID": "TA-099",
    "Path": "ta-registry/TA-099/config.json",
    "Status": "planned"
  },
  {
    "TA_ID": "TA-100",
    "Path": "ta-registry/TA-100/config.json",
    "Status": "planned"
  }
]